timestamp,inventory_path,document_name,url_used,local_path,status,bytes,sha256,notes

2025-11-28T00:08:37.786390,Summary Statistics,US Federal,,,no_direct_link,0,,No direct URL in inventory; extend downloader to handle by citation or identifier.
2025-11-28T00:08:37.786499,Summary Statistics,US State,,,no_direct_link,0,,No direct URL in inventory; extend downloader to handle by citation or identifier.
2025-11-28T00:08:37.786536,Summary Statistics,EU Directives/Regs,,,no_direct_link,0,,No direct URL in inventory; extend downloader to handle by citation or identifier.
2025-11-28T00:08:37.786561,Summary Statistics,Germany (BGB),,,no_direct_link,0,,No direct URL in inventory; extend downloader to handle by citation or identifier.
2025-11-28T00:08:37.786583,Summary Statistics,France,,,no_direct_link,0,,No direct URL in inventory; extend downloader to handle by citation or identifier.
2025-11-28T00:08:37.786606,Summary Statistics,Canada,,,no_direct_link,0,,No direct URL in inventory; extend downloader to handle by citation or identifier.
2025-11-28T00:08:37.786630,Summary Statistics,Australia,,,no_direct_link,0,,No direct URL in inventory; extend downloader to handle by citation or identifier.
2025-11-28T00:08:37.786664,Summary Statistics,UK,,,no_direct_link,0,,No direct URL in inventory; extend downloader to handle by citation or identifier.
2025-11-28T00:08:37.786697,Summary Statistics,Datasets (CUAD etc),,,no_direct_link,0,,No direct URL in inventory; extend downloader to handle by citation or identifier.
2025-11-28T00:08:37.786721,Summary Statistics,Case Law,,,no_direct_link,0,,No direct URL in inventory; extend downloader to handle by citation or identifier.
2025-11-28T00:08:37.786743,Summary Statistics,Industry Standards,,,no_direct_link,0,,No direct URL in inventory; extend downloader to handle by citation or identifier.
2025-11-28T00:08:37.786766,Summary Statistics,TOTAL,,,no_direct_link,0,,No direct URL in inventory; extend downloader to handle by citation or identifier.
2025-11-28T00:08:37.786788,Priority Legend,P0,,,no_direct_link,0,,No direct URL in inventory; extend downloader to handle by citation or identifier.
2025-11-28T00:08:37.786809,Priority Legend,P1,,,no_direct_link,0,,No direct URL in inventory; extend downloader to handle by citation or identifier.
2025-11-28T00:08:37.786830,Priority Legend,P2,,,no_direct_link,0,,No direct URL in inventory; extend downloader to handle by citation or identifier.
2025-11-28T00:09:07.870773,1. US FEDERAL LAW / 1.1 US Code Titles,17 USC,https://uscode.house.gov/download/download.shtml,raw/us_federal/17-usc,error,0,,"Request error: HTTPSConnectionPool(host='uscode.house.gov', port=443): Max retries exceeded with url: /download/download.shtml (Caused by ConnectTimeoutError(<urllib3.connection.HTTPSConnection object at 0x7c5d0583f890>, 'Connection to uscode.house.gov timed out. (connect timeout=30)'))"
2025-11-28T00:09:38.010661,1. US FEDERAL LAW / 1.1 US Code Titles,35 USC,https://uscode.house.gov/download/download.shtml,raw/us_federal/35-usc,error,0,,"Request error: HTTPSConnectionPool(host='uscode.house.gov', port=443): Max retries exceeded with url: /download/download.shtml (Caused by ConnectTimeoutError(<urllib3.connection.HTTPSConnection object at 0x7c5d055dd010>, 'Connection to uscode.house.gov timed out. (connect timeout=30)'))"
2025-11-28T00:10:08.086694,1. US FEDERAL LAW / 1.1 US Code Titles,18 USC Ch.63,https://uscode.house.gov/download/download.shtml,raw/us_federal/18-usc-ch-63,error,0,,"Request error: HTTPSConnectionPool(host='uscode.house.gov', port=443): Max retries exceeded with url: /download/download.shtml (Caused by ConnectTimeoutError(<urllib3.connection.HTTPSConnection object at 0x7c5d055dd6d0>, 'Connection to uscode.house.gov timed out. (connect timeout=30)'))"
2025-11-28T00:10:09.013309,1. US FEDERAL LAW / 1.1 US Code Titles,15 USC §1681,https://www.ftc.gov/legal-library/browse/statutes/fair-credit-reporting-act,raw/us_federal/15-usc-ss1681,error,0,,HTTP error: 403 Client Error: Forbidden for url: https://www.ftc.gov/legal-library/browse/statutes/fair-credit-reporting-act
2025-11-28T00:10:09.081918,1. US FEDERAL LAW / 1.1 US Code Titles,15 USC §6801,https://www.ftc.gov/business-guidance/privacy-security/gramm-leach-bliley-act,raw/us_federal/15-usc-ss6801,error,0,,HTTP error: 403 Client Error: Forbidden for url: https://www.ftc.gov/business-guidance/privacy-security/gramm-leach-bliley-act
2025-11-28T00:10:09.873369,1. US FEDERAL LAW / 1.2 Code of Federal Regulations,29 CFR,https://www.ecfr.gov/current/title-29,raw/us_federal/29-cfr,success,4272,768f528a8f8b06deceb59224622df3cc5039d8c296277372954d2f873756d48f,
2025-11-28T00:10:10.471719,1. US FEDERAL LAW / 1.2 Code of Federal Regulations,37 CFR,https://www.ecfr.gov/current/title-37,raw/us_federal/37-cfr,success,4272,5b1a7fc0eae3e435936a7698eadb1f16da2f8f9dc10e7cab0e10f9e83a586ea6,
2025-11-28T00:10:11.072371,1. US FEDERAL LAW / 1.2 Code of Federal Regulations,16 CFR Part 310,https://www.ecfr.gov/current/title-16/chapter-I/subchapter-C/part-310,raw/us_federal/16-cfr-part-310,success,4272,01589d2cfde314587dbb541e8b2c49068149fa76f84a56191d9a8ccb41b3fb92,
2025-11-28T00:10:11.708609,1. US FEDERAL LAW / 1.2 Code of Federal Regulations,16 CFR Part 314,https://www.ecfr.gov/current/title-16/part-314,raw/us_federal/16-cfr-part-314,success,4272,47a1ff3fbd3275c64d5f6da5fd44d8e175f3a842308fa31fed3f8bca819342f3,
2025-11-28T00:10:11.955966,1. US FEDERAL LAW / 1.3 Named Federal Statutes,Defend Trade Secrets Act,https://www.congress.gov/114/plaws/publ153/PLAW-114publ153.pdf,raw/us_federal/defend-trade-secrets-act.pdf,success,262018,2c526decb25a6496544c24cdf56d4de773a1fcbd57c0721d982a9d98c8cd630f,
2025-11-28T00:10:12.046794,1. US FEDERAL LAW / 1.3 Named Federal Statutes,Work-for-Hire Definition,https://www.copyright.gov/title17/,raw/us_federal/work-for-hire-definition,success,35265,787cb0b8b81e3feaa2208b8e65f4e41ed1aa363106cf90ad348ab62aa293f88e,
2025-11-28T00:10:12.122263,1. US FEDERAL LAW / 1.3 Named Federal Statutes,Copyright Ownership,https://www.copyright.gov/title17/,raw/us_federal/copyright-ownership,success,35265,787cb0b8b81e3feaa2208b8e65f4e41ed1aa363106cf90ad348ab62aa293f88e,
2025-11-28T00:10:12.725612,1. US FEDERAL LAW / 1.3 Named Federal Statutes,FTC Non-Compete Rule,https://www.federalregister.gov/documents/2024/05/07/2024-09171/non-compete-clause-rule,raw/us_federal/ftc-non-compete-rule,success,4272,6c490dac33a4f6065f6abd3e94ceafb5f0236d505454632693802ae5a32580bc,
2025-11-28T00:10:13.298266,1. US FEDERAL LAW / 1.3 Named Federal Statutes,ADA Title I,https://www.eeoc.gov/statutes/titles-i-and-v-americans-disabilities-act-1990-ada,raw/us_federal/ada-title-i,success,118596,f24d430345a01f1fc9c9c37c6b3c8636d517c681bd9090bafef17f2d4c7a29a5,
2025-11-28T00:10:13.811368,1. US FEDERAL LAW / 1.4 Bulk Download Sources,GovInfo Bulk Data,https://www.govinfo.gov/bulkdata/,raw/us_federal/govinfo-bulk-data,success,67383,4b6a6e5eb328fa684b058bf9582448ae6f8a25d740d0f066e51dd927ff2dafea,
2025-11-28T00:10:14.397347,1. US FEDERAL LAW / 1.4 Bulk Download Sources,eCFR API v1,https://www.ecfr.gov/developers/documentation/api/v1,raw/us_federal/ecfr-api-v1,success,4272,00922d45d25f0a40f4c9420490fb335e75987f1da2061bcd8e6bcff825b541af,
2025-11-28T00:10:44.494022,1. US FEDERAL LAW / 1.4 Bulk Download Sources,House.gov Download,https://uscode.house.gov/download/download.shtml,raw/us_federal/house-gov-download,error,0,,"Request error: HTTPSConnectionPool(host='uscode.house.gov', port=443): Max retries exceeded with url: /download/download.shtml (Caused by ConnectTimeoutError(<urllib3.connection.HTTPSConnection object at 0x7c5d055dce00>, 'Connection to uscode.house.gov timed out. (connect timeout=30)'))"
2025-11-28T00:10:44.576640,1. US FEDERAL LAW / 1.4 Bulk Download Sources,Congress.gov,https://www.congress.gov/help/using-data-offsite,raw/us_federal/congress-gov,error,0,,HTTP error: 403 Client Error: Forbidden for url: https://www.congress.gov/help/using-data-offsite
2025-11-28T00:10:44.681489,2. US STATE LAW / 2.1 California (P0 - Most Restrictive),Non-Compete Ban,https://law.justia.com/codes/california/code-bpc/,raw/us_state/non-compete-ban,error,0,,HTTP error: 403 Client Error: Forbidden for url: https://law.justia.com/codes/california/code-bpc/
2025-11-28T00:10:45.616008,2. US STATE LAW / 2.1 California (P0 - Most Restrictive),Freelance Worker Protection Act,https://leginfo.legislature.ca.gov/,raw/us_state/freelance-worker-protection-act,success,162782,a9436c1ccbb969d2a72faf6bfb7a1ffc5e205a175efa919df6d871147c3af25a,
2025-11-28T00:10:46.539771,2. US STATE LAW / 2.1 California (P0 - Most Restrictive),ABC Test (IC Classification),https://leginfo.legislature.ca.gov/,raw/us_state/abc-test-ic-classification,success,162782,1d290744ba925a4ca504435ac655c821dad08e9a02b2712e1bd83be26ce60904,
2025-11-28T00:10:47.458535,2. US STATE LAW / 2.1 California (P0 - Most Restrictive),SILENCED Act,https://leginfo.legislature.ca.gov/,raw/us_state/silenced-act,success,164510,e3c22032a9db3e2dfbc320bae284b0413575ceaa5dda3c1ab86d91064f05f907,
2025-11-28T00:10:48.678030,2. US STATE LAW / 2.1 California (P0 - Most Restrictive),CCPA/CPRA,https://oag.ca.gov/privacy/ccpa,raw/us_state/ccpa-cpra,success,124204,02218b57d20f6ad5d9f1c8dbb82ec0682ac2a1642c17e89e5c54301c4c63723e,
2025-11-28T00:10:49.054579,2. US STATE LAW / 2.2 New York (P0 - Freelancer Protections),Freelance Isn't Free Act (State),https://dol.ny.gov/freelance-isnt-free-act,raw/us_state/freelance-isn-t-free-act-state,success,28498,ca0b66cefec7e251bef1b240d504fd0907d61496941b5c9a43d0f3dbcaeac0c1,
2025-11-28T00:10:49.358196,2. US STATE LAW / 2.2 New York (P0 - Freelancer Protections),Freelance Isn't Free Act (NYC),https://www.nyc.gov/site/dca/about/freelance-isnt-free-act.page,raw/us_state/freelance-isn-t-free-act-nyc,success,24521,71ae7beaf302def42ad06142096ce379fe4c63e3c40ea1e44c5d18f3ddb6a945,
2025-11-28T00:10:50.005570,2. US STATE LAW / 2.2 New York (P0 - Freelancer Protections),Non-Compete Standards,https://www.nysenate.gov/legislation/laws/GOB,raw/us_state/non-compete-standards,success,39443,f042d1eb21de998e5fd70b9d410595fea47671772457afdfe9c53927a3f9bb21,
2025-11-28T00:10:50.126786,2. US STATE LAW / 2.3 Texas (P1 - Employer-Friendly),Non-Compete Enforceability,https://codes.findlaw.com/tx/business-and-commerce-code/,raw/us_state/non-compete-enforceability,error,0,,HTTP error: 403 Client Error: Forbidden for url: https://codes.findlaw.com/tx/business-and-commerce-code/
2025-11-28T00:10:50.888686,2. US STATE LAW / 2.3 Texas (P1 - Employer-Friendly),Healthcare Non-Compete,https://capitol.texas.gov/,raw/us_state/healthcare-non-compete,success,34033,441a2988bd046c27e3f3131f2e5ab45aa887b4ebf6186bfe7f9a9bc8691b3fa6,
2025-11-28T00:10:51.503894,2. US STATE LAW / 2.4 Delaware (P1 - Governing Law Choice),Choice of Law,https://delcode.delaware.gov/title6/,raw/us_state/choice-of-law,success,21411,c7fb5f910f5ab2ceeb6834e078fa350d8a4c1d40a90c0f15bebf9b34b57af34e,
2025-11-28T00:10:52.121479,2. US STATE LAW / 2.4 Delaware (P1 - Governing Law Choice),Contract Law,https://delcode.delaware.gov/title6/c027/,raw/us_state/contract-law,success,7660,096323f253d05aa45b72fafe27ad80e1027a31ba73c5c0ef4386998090a8bc75,
2025-11-28T00:10:52.121652,2. US STATE LAW / 2.5 Other Key States,Restrictive Covenant Law - $101K+ threshold,,,no_direct_link,0,,No direct URL in inventory; extend downloader to handle by citation or identifier.
2025-11-28T00:10:52.121688,2. US STATE LAW / 2.5 Other Key States,Freedom to Work Act - $75K threshold,,,no_direct_link,0,,No direct URL in inventory; extend downloader to handle by citation or identifier.
2025-11-28T00:10:52.121715,2. US STATE LAW / 2.5 Other Key States,Non-Compete Law - $250K IC threshold,,,no_direct_link,0,,No direct URL in inventory; extend downloader to handle by citation or identifier.
2025-11-28T00:10:52.121739,2. US STATE LAW / 2.5 Other Key States,Non-Compete + CHOICE Act - 4-year expansion,,,no_direct_link,0,,No direct URL in inventory; extend downloader to handle by citation or identifier.
2025-11-28T00:10:52.121763,2. US STATE LAW / 2.5 Other Key States,ABC Test - Strict IC classification,,,no_direct_link,0,,No direct URL in inventory; extend downloader to handle by citation or identifier.
2025-11-28T00:10:52.121796,2. US STATE LAW / 2.5 Other Key States,Non-Compete Ban - Similar to CA,,,no_direct_link,0,,No direct URL in inventory; extend downloader to handle by citation or identifier.
2025-11-28T00:10:52.121818,2. US STATE LAW / 2.5 Other Key States,Non-Compete Ban - Similar to CA,,,no_direct_link,0,,No direct URL in inventory; extend downloader to handle by citation or identifier.
2025-11-28T00:10:52.121840,2. US STATE LAW / 2.5 Other Key States,Non-Compete Ban - Similar to CA,,,no_direct_link,0,,No direct URL in inventory; extend downloader to handle by citation or identifier.
2025-11-28T00:10:52.344604,3. EUROPEAN UNION / 3.1 EU Directives,Transparent Working Conditions - Worker rights baseline,,raw/eu/transparent-working-conditions-worker-rights-baseline,error,0,,SPARQL error: 404 Client Error: Not Found for url: https://eur-lex.europa.eu/sparql?format=json&query=%0APREFIX+cdm%3A+%3Chttp%3A%2F%2Fpublications.europa.eu%2Fontology%2Fcdm%23%3E%0ASELECT+%3Fwork+%3Fpdf+WHERE+%7B%0A++%3Fwork+cdm%3Aresource_legal_id_celex+%2232019L1152%22+.%0A++OPTIONAL+%7B+%3Fexpression+cdm%3Aexpression_belongs_to_work+%3Fwork+.%0A+++++++++++++%3Fmanifestation+cdm%3Amanifestation_manifests_expression+%3Fexpression+.%0A+++++++++++++%3Fpdf+cdm%3Amanifestation_file_type+%27pdf%27+.%0A+++++++++++++%3Fpdf+cdm%3Amanifestation_access_url+%3Fpdf+%7D%0A%7D%0A
2025-11-28T00:10:52.693763,3. EUROPEAN UNION / 3.1 EU Directives,Platform Workers Directive - Gig economy status,,raw/eu/platform-workers-directive-gig-economy-status,error,0,,SPARQL error: 404 Client Error: Not Found for url: https://eur-lex.europa.eu/sparql?format=json&query=%0APREFIX+cdm%3A+%3Chttp%3A%2F%2Fpublications.europa.eu%2Fontology%2Fcdm%23%3E%0ASELECT+%3Fwork+%3Fpdf+WHERE+%7B%0A++%3Fwork+cdm%3Aresource_legal_id_celex+%2232024L2831%22+.%0A++OPTIONAL+%7B+%3Fexpression+cdm%3Aexpression_belongs_to_work+%3Fwork+.%0A+++++++++++++%3Fmanifestation+cdm%3Amanifestation_manifests_expression+%3Fexpression+.%0A+++++++++++++%3Fpdf+cdm%3Amanifestation_file_type+%27pdf%27+.%0A+++++++++++++%3Fpdf+cdm%3Amanifestation_access_url+%3Fpdf+%7D%0A%7D%0A
2025-11-28T00:10:52.956371,3. EUROPEAN UNION / 3.1 EU Directives,Copyright Directive - IP ownership,,raw/eu/copyright-directive-ip-ownership,error,0,,SPARQL error: 404 Client Error: Not Found for url: https://eur-lex.europa.eu/sparql?format=json&query=%0APREFIX+cdm%3A+%3Chttp%3A%2F%2Fpublications.europa.eu%2Fontology%2Fcdm%23%3E%0ASELECT+%3Fwork+%3Fpdf+WHERE+%7B%0A++%3Fwork+cdm%3Aresource_legal_id_celex+%2232019L0790%22+.%0A++OPTIONAL+%7B+%3Fexpression+cdm%3Aexpression_belongs_to_work+%3Fwork+.%0A+++++++++++++%3Fmanifestation+cdm%3Amanifestation_manifests_expression+%3Fexpression+.%0A+++++++++++++%3Fpdf+cdm%3Amanifestation_file_type+%27pdf%27+.%0A+++++++++++++%3Fpdf+cdm%3Amanifestation_access_url+%3Fpdf+%7D%0A%7D%0A
2025-11-28T00:10:53.221206,3. EUROPEAN UNION / 3.1 EU Directives,Trade Secrets Directive - Confidentiality,,raw/eu/trade-secrets-directive-confidentiality,error,0,,SPARQL error: 404 Client Error: Not Found for url: https://eur-lex.europa.eu/sparql?format=json&query=%0APREFIX+cdm%3A+%3Chttp%3A%2F%2Fpublications.europa.eu%2Fontology%2Fcdm%23%3E%0ASELECT+%3Fwork+%3Fpdf+WHERE+%7B%0A++%3Fwork+cdm%3Aresource_legal_id_celex+%2232016L0943%22+.%0A++OPTIONAL+%7B+%3Fexpression+cdm%3Aexpression_belongs_to_work+%3Fwork+.%0A+++++++++++++%3Fmanifestation+cdm%3Amanifestation_manifests_expression+%3Fexpression+.%0A+++++++++++++%3Fpdf+cdm%3Amanifestation_file_type+%27pdf%27+.%0A+++++++++++++%3Fpdf+cdm%3Amanifestation_access_url+%3Fpdf+%7D%0A%7D%0A
2025-11-28T00:10:53.514244,3. EUROPEAN UNION / 3.1 EU Directives,GDPR - Data processing,,raw/eu/gdpr-data-processing,error,0,,SPARQL error: 404 Client Error: Not Found for url: https://eur-lex.europa.eu/sparql?format=json&query=%0APREFIX+cdm%3A+%3Chttp%3A%2F%2Fpublications.europa.eu%2Fontology%2Fcdm%23%3E%0ASELECT+%3Fwork+%3Fpdf+WHERE+%7B%0A++%3Fwork+cdm%3Aresource_legal_id_celex+%2232016R0679%22+.%0A++OPTIONAL+%7B+%3Fexpression+cdm%3Aexpression_belongs_to_work+%3Fwork+.%0A+++++++++++++%3Fmanifestation+cdm%3Amanifestation_manifests_expression+%3Fexpression+.%0A+++++++++++++%3Fpdf+cdm%3Amanifestation_file_type+%27pdf%27+.%0A+++++++++++++%3Fpdf+cdm%3Amanifestation_access_url+%3Fpdf+%7D%0A%7D%0A
2025-11-28T00:10:53.749862,3. EUROPEAN UNION / 3.1 EU Directives,Rental/Lending Rights - IP licensing,,raw/eu/rental-lending-rights-ip-licensing,error,0,,SPARQL error: 404 Client Error: Not Found for url: https://eur-lex.europa.eu/sparql?format=json&query=%0APREFIX+cdm%3A+%3Chttp%3A%2F%2Fpublications.europa.eu%2Fontology%2Fcdm%23%3E%0ASELECT+%3Fwork+%3Fpdf+WHERE+%7B%0A++%3Fwork+cdm%3Aresource_legal_id_celex+%2232006L0115%22+.%0A++OPTIONAL+%7B+%3Fexpression+cdm%3Aexpression_belongs_to_work+%3Fwork+.%0A+++++++++++++%3Fmanifestation+cdm%3Amanifestation_manifests_expression+%3Fexpression+.%0A+++++++++++++%3Fpdf+cdm%3Amanifestation_file_type+%27pdf%27+.%0A+++++++++++++%3Fpdf+cdm%3Amanifestation_access_url+%3Fpdf+%7D%0A%7D%0A
2025-11-28T00:10:54.027001,3. EUROPEAN UNION / 3.1 EU Directives,OSH Framework - Health & safety,,raw/eu/osh-framework-health-safety,error,0,,SPARQL error: 404 Client Error: Not Found for url: https://eur-lex.europa.eu/sparql?format=json&query=%0APREFIX+cdm%3A+%3Chttp%3A%2F%2Fpublications.europa.eu%2Fontology%2Fcdm%23%3E%0ASELECT+%3Fwork+%3Fpdf+WHERE+%7B%0A++%3Fwork+cdm%3Aresource_legal_id_celex+%2231989L0391%22+.%0A++OPTIONAL+%7B+%3Fexpression+cdm%3Aexpression_belongs_to_work+%3Fwork+.%0A+++++++++++++%3Fmanifestation+cdm%3Amanifestation_manifests_expression+%3Fexpression+.%0A+++++++++++++%3Fpdf+cdm%3Amanifestation_file_type+%27pdf%27+.%0A+++++++++++++%3Fpdf+cdm%3Amanifestation_access_url+%3Fpdf+%7D%0A%7D%0A
2025-11-28T00:10:54.289999,3. EUROPEAN UNION / 3.2 EU Regulations,Digital Services Act - Platform obligations,,raw/eu/digital-services-act-platform-obligations,error,0,,SPARQL error: 404 Client Error: Not Found for url: https://eur-lex.europa.eu/sparql?format=json&query=%0APREFIX+cdm%3A+%3Chttp%3A%2F%2Fpublications.europa.eu%2Fontology%2Fcdm%23%3E%0ASELECT+%3Fwork+%3Fpdf+WHERE+%7B%0A++%3Fwork+cdm%3Aresource_legal_id_celex+%2232022R2065%22+.%0A++OPTIONAL+%7B+%3Fexpression+cdm%3Aexpression_belongs_to_work+%3Fwork+.%0A+++++++++++++%3Fmanifestation+cdm%3Amanifestation_manifests_expression+%3Fexpression+.%0A+++++++++++++%3Fpdf+cdm%3Amanifestation_file_type+%27pdf%27+.%0A+++++++++++++%3Fpdf+cdm%3Amanifestation_access_url+%3Fpdf+%7D%0A%7D%0A
2025-11-28T00:10:54.557606,3. EUROPEAN UNION / 3.2 EU Regulations,EU AI Act - AI training rights,,raw/eu/eu-ai-act-ai-training-rights,error,0,,SPARQL error: 404 Client Error: Not Found for url: https://eur-lex.europa.eu/sparql?format=json&query=%0APREFIX+cdm%3A+%3Chttp%3A%2F%2Fpublications.europa.eu%2Fontology%2Fcdm%23%3E%0ASELECT+%3Fwork+%3Fpdf+WHERE+%7B%0A++%3Fwork+cdm%3Aresource_legal_id_celex+%2232024R1689%22+.%0A++OPTIONAL+%7B+%3Fexpression+cdm%3Aexpression_belongs_to_work+%3Fwork+.%0A+++++++++++++%3Fmanifestation+cdm%3Amanifestation_manifests_expression+%3Fexpression+.%0A+++++++++++++%3Fpdf+cdm%3Amanifestation_file_type+%27pdf%27+.%0A+++++++++++++%3Fpdf+cdm%3Amanifestation_access_url+%3Fpdf+%7D%0A%7D%0A
2025-11-28T00:10:54.817494,4. GERMANY / 4.1 Bürgerliches Gesetzbuch (BGB - Civil Code),§611 et seq. - Service Contract (Dienstvertrag),https://www.gesetze-im-internet.de/englisch_bgb/,raw/germany/ss611-et-seq-service-contract-dienstvertrag,success,498837,c15aee9c1a2e98de7f3869bd4ada610dbe1a9f5e04c7879cb48a560df27a1ec3,
2025-11-28T00:10:55.104132,4. GERMANY / 4.1 Bürgerliches Gesetzbuch (BGB - Civil Code),§631 et seq. - Work Contract (Werkvertrag),https://www.gesetze-im-internet.de/englisch_bgb/,raw/germany/ss631-et-seq-work-contract-werkvertrag,success,498837,c15aee9c1a2e98de7f3869bd4ada610dbe1a9f5e04c7879cb48a560df27a1ec3,
2025-11-28T00:10:55.369606,4. GERMANY / 4.1 Bürgerliches Gesetzbuch (BGB - Civil Code),§611a - Employee vs Self-Employed,https://www.gesetze-im-internet.de/englisch_bgb/,raw/germany/ss611a-employee-vs-self-employed,success,498837,c15aee9c1a2e98de7f3869bd4ada610dbe1a9f5e04c7879cb48a560df27a1ec3,
2025-11-28T00:10:55.626430,4. GERMANY / 4.1 Bürgerliches Gesetzbuch (BGB - Civil Code),§705 et seq. - Partnership (GbR),https://www.gesetze-im-internet.de/englisch_bgb/,raw/germany/ss705-et-seq-partnership-gbr,success,498837,c15aee9c1a2e98de7f3869bd4ada610dbe1a9f5e04c7879cb48a560df27a1ec3,
2025-11-28T00:10:55.984298,4. GERMANY / 4.1 Bürgerliches Gesetzbuch (BGB - Civil Code),§14 - Entrepreneur Definition,https://www.gesetze-im-internet.de/englisch_bgb/,raw/germany/ss14-entrepreneur-definition,success,498837,c15aee9c1a2e98de7f3869bd4ada610dbe1a9f5e04c7879cb48a560df27a1ec3,
2025-11-28T00:10:56.109657,4. GERMANY / 4.2 Other German Law,UWG (Unfair Competition) - Business practices,https://www.gesetze-im-internet.de/englisch_uwg/,raw/germany/uwg-unfair-competition-business-practices,success,13442,00b1d8693206228c3acbd0eadc421006530f2446ab4a3b7b7e4db1be97e58910,
2025-11-28T00:10:56.109901,4. GERMANY / 4.2 Other German Law,SGB IV §7 - Social security classification,,,no_direct_link,0,,No direct URL in inventory; extend downloader to handle by citation or identifier.
2025-11-28T00:10:56.269960,5. FRANCE / 5.1 Code du Travail (Labor Code),"L1221-6, L1221-19 - Recruitment, trial periods",https://www.legifrance.gouv.fr/codes/,raw/france/l1221-6-l1221-19-recruitment-trial-periods,error,0,,HTTP error: 403 Client Error: Forbidden for url: https://www.legifrance.gouv.fr/codes/
2025-11-28T00:10:56.390185,5. FRANCE / 5.1 Code du Travail (Labor Code),"L1222-1, L1222-9 - Good faith, remote work",https://www.legifrance.gouv.fr/codes/,raw/france/l1222-1-l1222-9-good-faith-remote-work,error,0,,HTTP error: 403 Client Error: Forbidden for url: https://www.legifrance.gouv.fr/codes/
2025-11-28T00:10:56.469488,5. FRANCE / 5.2 Code de la Propriété Intellectuelle,L.111-1 - Copyright ownership default,https://www.legifrance.gouv.fr/,raw/france/l-111-1-copyright-ownership-default,error,0,,HTTP error: 403 Client Error: Forbidden for url: https://www.legifrance.gouv.fr/
2025-11-28T00:10:56.538601,5. FRANCE / 5.2 Code de la Propriété Intellectuelle,"D132-28, D132-29 - Freelance photographer rates",https://www.legifrance.gouv.fr/,raw/france/d132-28-d132-29-freelance-photographer-rates,error,0,,HTTP error: 403 Client Error: Forbidden for url: https://www.legifrance.gouv.fr/
2025-11-28T00:10:56.538747,5. FRANCE / 5.2 Code de la Propriété Intellectuelle,Part 2 - Industrial property,,,no_direct_link,0,,No direct URL in inventory; extend downloader to handle by citation or identifier.
2025-11-28T00:10:57.142135,6. CANADA / 6.1 Federal Legislation,Copyright Act,https://laws-lois.justice.gc.ca/eng/acts/C-42/,raw/canada/copyright-act,success,38443,2af1030a0f868c3a4b50ebf98ea40d7b4ea1e0224643f311f2871d497407bc0b,
2025-11-28T00:10:57.812938,6. CANADA / 6.1 Federal Legislation,Competition Act,https://laws.justice.gc.ca/eng/acts/C-34/,raw/canada/competition-act,success,27175,1efb1cbc3922655de2fa1dcdfa2c0c41e84e88ed8b44bd5fff7c2593baa6fff7,
2025-11-28T00:10:58.284001,6. CANADA / 6.1 Federal Legislation,Canada Labour Code,https://www.canlii.org/en/ca/laws/stat/rsc-1985-c-l-2/,raw/canada/canada-labour-code,error,0,,HTTP error: 403 Client Error: Forbidden for url: https://www.canlii.org/en/ca/laws/stat/rsc-1985-c-l-2/
2025-11-28T00:10:58.933228,6. CANADA / 6.1 Federal Legislation,PIPEDA,https://www.priv.gc.ca/en/privacy-topics/privacy-laws-in-canada/the-personal-information-protection-and-electronic-documents-act-pipeda/,raw/canada/pipeda,success,25833,c99f09543c7857d41738f60c93a4629676b61a336feb235fbd7db31400c00f31,
2025-11-28T00:10:59.398487,6. CANADA / 6.1 Federal Legislation,Employment Insurance Act,https://www.canlii.org/en/ca/laws/stat/sc-1996-c-23/,raw/canada/employment-insurance-act,error,0,,HTTP error: 403 Client Error: Forbidden for url: https://www.canlii.org/en/ca/laws/stat/sc-1996-c-23/
2025-11-28T00:10:59.879159,6. CANADA / 6.1 Federal Legislation,Employment Equity Act,https://www.canlii.org/en/ca/laws/stat/sc-1995-c-44/,raw/canada/employment-equity-act,error,0,,HTTP error: 403 Client Error: Forbidden for url: https://www.canlii.org/en/ca/laws/stat/sc-1995-c-44/
2025-11-28T00:11:00.513159,6. CANADA / 6.2 Provincial Legislation,Employment Standards Act,https://www.ontario.ca/laws/statute/00e41,raw/canada/employment-standards-act,success,53141,672384e19be379317c46886265bf504e134989138b4b6fa3a1a303fd3e10fb93,
2025-11-28T00:11:00.513245,6. CANADA / 6.2 Provincial Legislation,Employment Standards Act,,,no_direct_link,0,,No direct URL in inventory; extend downloader to handle by citation or identifier.
2025-11-28T00:11:00.980059,6. CANADA / 6.2 Provincial Legislation,Labour Standards Act,https://www.canlii.org/en/qc/laws/stat/cqlr-c-n-1.1/,raw/canada/labour-standards-act,error,0,,HTTP error: 403 Client Error: Forbidden for url: https://www.canlii.org/en/qc/laws/stat/cqlr-c-n-1.1/
2025-11-28T00:11:31.438752,7. AUSTRALIA / 7.1 Federal Legislation,Fair Work Act 2009,https://www.fairwork.gov.au/about-us/legislation,raw/australia/fair-work-act-2009,error,0,,"Request error: HTTPSConnectionPool(host='www.fairwork.gov.au', port=443): Read timed out. (read timeout=30)"
2025-11-28T00:11:33.287953,7. AUSTRALIA / 7.1 Federal Legislation,Independent Contractors Act 2006,https://www.legislation.gov.au/Series/C2006A00162,raw/australia/independent-contractors-act-2006,success,154588,86c18976f7c399459b9699e5d1fc83d1704c90089b8da52fd3387313a06d6228,
2025-11-28T00:11:34.740986,7. AUSTRALIA / 7.1 Federal Legislation,Copyright Act 1968,https://www7.austlii.edu.au/cgi-bin/viewdb/au/legis/cth/consol_act/,raw/australia/copyright-act-1968,error,0,,HTTP error: 410 Client Error: Gone for url: https://www7.austlii.edu.au/cgi-bin/viewdb/au/legis/cth/consol_act/
2025-11-28T00:11:36.009684,7. AUSTRALIA / 7.1 Federal Legislation,Competition and Consumer Act 2010,https://www.legislation.gov.au/C2004A00109/latest,raw/australia/competition-and-consumer-act-2010,success,1333871,4c61581f971c33a6145b849d6aad869989f86c613f3a7b72fefe24f55e139ff0,
2025-11-28T00:11:37.440245,7. AUSTRALIA / 7.1 Federal Legislation,Privacy Act 1988,https://www7.austlii.edu.au/cgi-bin/viewdb/au/legis/cth/consol_act/,raw/australia/privacy-act-1988,error,0,,HTTP error: 410 Client Error: Gone for url: https://www7.austlii.edu.au/cgi-bin/viewdb/au/legis/cth/consol_act/
2025-11-28T00:11:39.524380,7. AUSTRALIA / 7.1 Federal Legislation,Australian Consumer Law,https://www.legislation.gov.au/C2004A00109/latest,raw/australia/australian-consumer-law,success,1333871,bdc461c9abb68249e9f0a3588a8aa91f2a4aab77294dd6613b83b06d2ee11fe1,
2025-11-28T00:11:39.699071,8. UNITED KINGDOM / 8.1 Acts of Parliament,Employment Rights Act 1996,https://www.legislation.gov.uk/ukpga/1996/18/contents,raw/uk/employment-rights-act-1996,success,234794,f72b8ed35ee46f25acf84bb8263298d61644e932dae0907290372cffbda0f892,
2025-11-28T00:11:46.612913,8. UNITED KINGDOM / 8.1 Acts of Parliament,"Copyright, Designs and Patents Act 1988",https://www.legislation.gov.uk/ukpga/1988/48,raw/uk/copyright-designs-and-patents-act-1988,success,4083690,55d91ce6f35fc835e751b1b8ba2cb1625136c9e917d59b07c00b2594020d3423,
2025-11-28T00:11:48.914359,8. UNITED KINGDOM / 8.1 Acts of Parliament,Patents Act 1977,https://www.legislation.gov.uk/ukpga/1977/37,raw/uk/patents-act-1977,success,1497139,19df13c0375d1620efa7b8fab54dedb7c580e5e919053252b7a13bd11c8c1d90,
2025-11-28T00:11:49.222202,8. UNITED KINGDOM / 8.1 Acts of Parliament,Trade Secrets Regulations 2018,https://www.legislation.gov.uk/uksi/2018/597/made,raw/uk/trade-secrets-regulations-2018,success,79427,e00a06553147a784e4a7196c0d91ddf7b6406e17a20fbe0ae0205c1adf4b5d58,
2025-11-28T00:11:49.886214,8. UNITED KINGDOM / 8.2 IR35 (Off-Payroll Working),Social Security (Intermediaries) Regs,https://www.legislation.gov.uk/uksi/2000/727,raw/uk/social-security-intermediaries-regs,success,312018,0dbb4125336770bebf17ee00c5df3378c15751ecb8216694904a130393bd31ce,
2025-11-28T00:12:16.431610,8. UNITED KINGDOM / 8.2 IR35 (Off-Payroll Working),ITEPA 2003 Part 2 Ch.8,https://www.legislation.gov.uk/ukpga/2003/1,raw/uk/itepa-2003-part-2-ch-8,success,9786044,4bcaee53dc08d4514246eb84db30d9e05b05c0fa5e5311a4f9bbdeae71a9aff4,
2025-11-28T00:12:17.144239,8. UNITED KINGDOM / 8.2 IR35 (Off-Payroll Working),Database Rights Regs 1997,https://www.legislation.gov.uk/uksi/1997/3032,raw/uk/database-rights-regs-1997,success,221664,9a9273efa2e926e87cba76cd15a646911493434f4e9b27fce820b85ce87a7acc,
2025-11-28T00:12:17.342750,9. CONTRACT DATASETS (Pre-Labeled) / 9.1 Primary Training Data,CUAD,https://www.atticusprojectai.org/cuad,raw/datasets/cuad,success,723333,3eb753aa9bb2e28b71cee450f62f35896c1f0964b62a80135c06bef04e80e523,
2025-11-28T00:12:17.342835,9. CONTRACT DATASETS (Pre-Labeled) / 9.1 Primary Training Data,ContractNLI,,,no_direct_link,0,,No direct URL in inventory; extend downloader to handle by citation or identifier.
2025-11-28T00:12:17.342864,9. CONTRACT DATASETS (Pre-Labeled) / 9.1 Primary Training Data,LEDGAR,,,no_direct_link,0,,No direct URL in inventory; extend downloader to handle by citation or identifier.
2025-11-28T00:12:17.342888,10. LANDMARK CASE LAW / 10.1 Non-Compete Cases,PepsiCo v. Redmond,,,no_direct_link,0,,No direct URL in inventory; extend downloader to handle by citation or identifier.
2025-11-28T00:12:17.342911,10. LANDMARK CASE LAW / 10.1 Non-Compete Cases,Mitchell v. Reynolds,,,no_direct_link,0,,No direct URL in inventory; extend downloader to handle by citation or identifier.
2025-11-28T00:12:17.342935,10. LANDMARK CASE LAW / 10.1 Non-Compete Cases,Oregon Steam v. Winsor,,,no_direct_link,0,,No direct URL in inventory; extend downloader to handle by citation or identifier.
2025-11-28T00:12:17.342958,10. LANDMARK CASE LAW / 10.1 Non-Compete Cases,Ryan v. FTC,,,no_direct_link,0,,No direct URL in inventory; extend downloader to handle by citation or identifier.
2025-11-28T00:12:17.342980,10. LANDMARK CASE LAW / 10.2 IP / Work-for-Hire Cases,CCNV v. Reid,,,no_direct_link,0,,No direct URL in inventory; extend downloader to handle by citation or identifier.
2025-11-28T00:12:17.343002,10. LANDMARK CASE LAW / 10.2 IP / Work-for-Hire Cases,Dubilier Condenser,,,no_direct_link,0,,No direct URL in inventory; extend downloader to handle by citation or identifier.
2025-11-28T00:12:17.343024,10. LANDMARK CASE LAW / 10.2 IP / Work-for-Hire Cases,SCA Hygiene v. First Quality,,,no_direct_link,0,,No direct URL in inventory; extend downloader to handle by citation or identifier.
2025-11-28T00:12:17.343046,10. LANDMARK CASE LAW / 10.3 Indemnification Cases,Brooks v. Judlau,,,no_direct_link,0,,No direct URL in inventory; extend downloader to handle by citation or identifier.
2025-11-28T00:12:17.343070,10. LANDMARK CASE LAW / 10.3 Indemnification Cases,Santa Barbara v. Superior Court,,,no_direct_link,0,,No direct URL in inventory; extend downloader to handle by citation or identifier.
2025-11-28T00:12:17.343092,10. LANDMARK CASE LAW / 10.3 Indemnification Cases,Steamfitters v. Erie Insurance,,,no_direct_link,0,,No direct URL in inventory; extend downloader to handle by citation or identifier.
2025-11-28T00:12:17.343136,10. LANDMARK CASE LAW / 10.4 Arbitration Cases,Epic Systems v. Lewis,,,no_direct_link,0,,No direct URL in inventory; extend downloader to handle by citation or identifier.
2025-11-28T00:12:17.343159,10. LANDMARK CASE LAW / 10.4 Arbitration Cases,Mastrobuono v. Shearson,,,no_direct_link,0,,No direct URL in inventory; extend downloader to handle by citation or identifier.
2025-11-28T00:12:17.343181,10. LANDMARK CASE LAW / 10.4 Arbitration Cases,Pinnacle v. Pinnacle Market,,,no_direct_link,0,,No direct URL in inventory; extend downloader to handle by citation or identifier.
2025-11-28T00:12:17.343203,10. LANDMARK CASE LAW / 10.5 Trade Secrets / NDA Cases,Silicon Image v. Analogk,,,no_direct_link,0,,No direct URL in inventory; extend downloader to handle by citation or identifier.
2025-11-28T00:12:17.343224,10. LANDMARK CASE LAW / 10.5 Trade Secrets / NDA Cases,Hamilton v. Juul Labs,,,no_direct_link,0,,No direct URL in inventory; extend downloader to handle by citation or identifier.
2025-11-28T00:12:17.343245,10. LANDMARK CASE LAW / 10.5 Trade Secrets / NDA Cases,Gordon v. Landau,,,no_direct_link,0,,No direct URL in inventory; extend downloader to handle by citation or identifier.
2025-11-28T00:12:17.343268,10. LANDMARK CASE LAW / 10.6 Moral Rights Cases,Gilliam v. ABC,,,no_direct_link,0,,No direct URL in inventory; extend downloader to handle by citation or identifier.
2025-11-28T00:12:17.343335,10. LANDMARK CASE LAW / 10.6 Moral Rights Cases,Frisby v. BBC,,,no_direct_link,0,,No direct URL in inventory; extend downloader to handle by citation or identifier.
2025-11-28T00:12:17.343370,10. LANDMARK CASE LAW / 10.6 Moral Rights Cases,Confetti Records v. Warner,,,no_direct_link,0,,No direct URL in inventory; extend downloader to handle by citation or identifier.
2025-11-28T00:12:17.924235,11. INDUSTRY STANDARDS / 11.1 Gaming Industry,Steam Distribution Agreement - Steam Distribution Agreement,https://store.steampowered.com,raw/industry/steam-distribution-agreement-steam-distribution-agreement,success,804459,0214d4069e54bcb07811f3afa41b1c0b776ca8d43ed0fa50a56f6de2ec6ea876,
2025-11-28T00:12:18.022434,11. INDUSTRY STANDARDS / 11.1 Gaming Industry,Epic Games Store Agreement - Epic Games Store Agreement,https://dev.epicgames.com/docs/epic-games-store/agreements,raw/industry/epic-games-store-agreement-epic-games-store-agreement,error,0,,HTTP error: 403 Client Error: Forbidden for url: https://dev.epicgames.com/docs/epic-games-store/agreements
2025-11-28T00:12:18.022499,11. INDUSTRY STANDARDS / 11.1 Gaming Industry,PlayStation GDPA - PlayStation GDPA,,,no_direct_link,0,,No direct URL in inventory; extend downloader to handle by citation or identifier.
2025-11-28T00:12:18.022555,11. INDUSTRY STANDARDS / 11.1 Gaming Industry,Xbox Publisher License - Xbox Publisher License,,,no_direct_link,0,,No direct URL in inventory; extend downloader to handle by citation or identifier.
2025-11-28T00:12:18.928453,11. INDUSTRY STANDARDS / 11.1 Gaming Industry,IGDA Contract Walk-Through - IGDA Contract Walk-Through,https://igda.org/resourcelibrary/game-industry-standards/,raw/industry/igda-contract-walk-through-igda-contract-walk-through,success,52706,c614250a37a5f4f16085c1d42d15fb4495f61beac088b7806626f090e390acae,
2025-11-28T00:12:19.909372,11. INDUSTRY STANDARDS / 11.1 Gaming Industry,IGDA Crediting Guidelines - IGDA Crediting Guidelines,https://igda.org/,raw/industry/igda-crediting-guidelines-igda-crediting-guidelines,success,57195,5aff0e5f9e1619bd2462264cb5683de5260f941bf31c5bdfb1b0217372c74af8,
2025-11-28T00:12:19.992213,11. INDUSTRY STANDARDS / 11.2 Entertainment,SAG-AFTRA 2025 Commercials - SAG-AFTRA 2025 Commercials,https://www.sagaftra.org/,raw/industry/sag-aftra-2025-commercials-sag-aftra-2025-commercials,error,0,,HTTP error: 403 Client Error: Forbidden for url: https://www.sagaftra.org/
2025-11-28T00:12:20.071327,11. INDUSTRY STANDARDS / 11.2 Entertainment,SAG-AFTRA Video Game Agreement - SAG-AFTRA Video Game Agreement,https://www.sagaftra.org/production-center/contract/802/,raw/industry/sag-aftra-video-game-agreement-sag-aftra-video-game-agreement,error,0,,HTTP error: 403 Client Error: Forbidden for url: https://www.sagaftra.org/production-center/contract/802/
2025-11-28T00:12:21.114747,11. INDUSTRY STANDARDS / 11.2 Entertainment,WGA Minimum Basic Agreement - WGA Minimum Basic Agreement,https://www.wga.org/contracts/contracts/schedule-of-minimums,raw/industry/wga-minimum-basic-agreement-wga-minimum-basic-agreement,success,72989,c74762803d06aaaa1df7ed68fb7c72bd636f56f30baa67cfeb02d7a13da4ad49,
2025-11-28T00:12:21.198035,11. INDUSTRY STANDARDS / 11.3 Creative Services,AIGA Standard Agreement - AIGA Standard Agreement,https://www.aiga.org/resources/aiga-standard-form-of-agreement-for-design-services,raw/industry/aiga-standard-agreement-aiga-standard-agreement,error,0,,HTTP error: 403 Client Error: Forbidden for url: https://www.aiga.org/resources/aiga-standard-form-of-agreement-for-design-services
2025-11-28T00:12:22.113644,11. INDUSTRY STANDARDS / 11.3 Creative Services,GAG Handbook (17th Ed) - GAG Handbook (17th Ed),https://graphicartistsguild.org/,raw/industry/gag-handbook-17th-ed-gag-handbook-17th-ed,success,549493,8255c97e711bd68d32efbb239f0d5b7d3dc2595157d5f0f5bf961e1681a76125,
2025-11-28T00:12:22.208117,11. INDUSTRY STANDARDS / 11.3 Creative Services,Photography Licensing Standards - Photography Licensing Standards,https://www.pixsy.com/image-licensing/photo-licensing-agreement,raw/industry/photography-licensing-standards-photography-licensing-standards,success,91495,094390fe2e31ba39e79cf7559fd6520b6b132686bfe5ea994bc969f93486ccc4,
2025-11-28T00:12:22.308188,11. INDUSTRY STANDARDS / 11.4 Tech/Software,Open Source Licenses - Open Source Licenses,https://opensource.org/licenses,raw/industry/open-source-licenses-open-source-licenses,success,207101,a6770e8deab553b38bfad51669e9b596953b23ae4730bd8a441fcd910e08a702,
2025-11-28T00:12:22.392468,11. INDUSTRY STANDARDS / 11.4 Tech/Software,MIT License - MIT License,https://opensource.org/license/mit,raw/industry/mit-license-mit-license,success,138252,e2407bc4cf4efbab4fd32e169b4d216fe3f0ccadb51563b5b0ce67dfa5464b4b,
2025-11-28T00:12:22.512196,11. INDUSTRY STANDARDS / 11.4 Tech/Software,Apache 2.0 - Apache 2.0,https://www.apache.org/licenses/LICENSE-2.0,raw/industry/apache-2-0-apache-2-0,success,11358,cfc7749b96f63bd31c3c42b5c471bf756814053e847c10f3eb003417bc523d30,
2025-11-28T00:12:22.966843,11. INDUSTRY STANDARDS / 11.4 Tech/Software,GPL v3 - GPL v3,https://www.gnu.org/licenses/gpl-3.0.en.html,raw/industry/gpl-v3-gpl-v3.html,success,50943,4c4204f396473be585ff9b5f345a97501329d60bea9c39df0ee8a40658f927be,
2025-11-28T00:12:22.966896,12. DOWNLOAD SCRIPTS REFERENCE / Script Mapping,`download_cuad.py`,,,no_direct_link,0,,No direct URL in inventory; extend downloader to handle by citation or identifier.
2025-11-28T00:12:22.966923,12. DOWNLOAD SCRIPTS REFERENCE / Script Mapping,`download_us_federal.py`,,,no_direct_link,0,,No direct URL in inventory; extend downloader to handle by citation or identifier.
2025-11-28T00:12:22.966946,12. DOWNLOAD SCRIPTS REFERENCE / Script Mapping,`download_us_caselaw.py`,,,no_direct_link,0,,No direct URL in inventory; extend downloader to handle by citation or identifier.
2025-11-28T00:12:22.966995,12. DOWNLOAD SCRIPTS REFERENCE / Script Mapping,`download_eu_law.py`,,,no_direct_link,0,,No direct URL in inventory; extend downloader to handle by citation or identifier.
2025-11-28T00:12:22.967021,12. DOWNLOAD SCRIPTS REFERENCE / Script Mapping,`download_canada_law.py`,,,no_direct_link,0,,No direct URL in inventory; extend downloader to handle by citation or identifier.
2025-11-28T00:12:22.967044,12. DOWNLOAD SCRIPTS REFERENCE / Script Mapping,`download_australia_law.py`,,,no_direct_link,0,,No direct URL in inventory; extend downloader to handle by citation or identifier.
2025-11-28T00:12:22.967068,Estimated Totals,Total Documents,,,no_direct_link,0,,No direct URL in inventory; extend downloader to handle by citation or identifier.
2025-11-28T00:12:22.967091,Estimated Totals,Total Raw Size,,,no_direct_link,0,,No direct URL in inventory; extend downloader to handle by citation or identifier.
2025-11-28T00:12:22.967155,Estimated Totals,Processed Chunks,,,no_direct_link,0,,No direct URL in inventory; extend downloader to handle by citation or identifier.
2025-11-28T00:12:22.967203,Estimated Totals,Chroma DB Size,,,no_direct_link,0,,No direct URL in inventory; extend downloader to handle by citation or identifier.
2025-11-28T00:12:22.967230,Estimated Totals,P0 Documents,,,no_direct_link,0,,No direct URL in inventory; extend downloader to handle by citation or identifier.
2025-11-28T00:12:22.967252,Estimated Totals,Download Time,,,no_direct_link,0,,No direct URL in inventory; extend downloader to handle by citation or identifier.
2025-11-28T00:12:22.967274,Estimated Totals,Processing Time,,,no_direct_link,0,,No direct URL in inventory; extend downloader to handle by citation or identifier.
2025-11-28T00:12:22.967295,Estimated Totals,Embedding Time,,,no_direct_link,0,,No direct URL in inventory; extend downloader to handle by citation or identifier.
